singer,year,month,day
Louis Armstrong,2000,1,1
Ricky Nelson,2000,1,1
Dionne Warwick,2000,1,25
Morphine,2000,2,1
Orbital,2000,2,21
Everything But The Girl,2000,2,22
Elastica,2000,4,3
The Associates,2000,8,1
Linda Ronstadt,2000,10,17
Сектор газа,2000,10,18
Isaac Hayes,2000,11,2
Bo Diddley,2000,11,14
Dean Martin,2001,1,1
Simon & Garfunkel,2001,1,1
Red House Painters,2001,4,10
Syd Barrett,2001,4,16
Immature,2001,7,3
Butthole Surfers,2001,8,28
Joy Division,2001,8,28
Muddy Waters,2001,8,28
Rage Against the Machine,2001,10,20
808 State,2002,1,1
Dexys Midnight Runners,2002,1,1
João Gilberto,2002,1,1
Midnight Oil,2002,2,19
Box Car Racer,2002,5,21
Ms. Dynamite,2002,6,10
Blue Öyster Cult,2002,9,22
The Soft Boys,2002,9,23
Suicide,2002,10,28
Youssou N’Dour,2002,11,19
Руки Вверх,2002,11,26
Aaliyah,2002,12,10
Lumen,2003,1,1
Joe Cocker,2003,1,28
Uncle Tupelo,2003,3,17
Fugees,2003,4,1
Fleetwood Mac,2003,4,15
Lynyrd Skynyrd,2003,4,16
George Harrison,2003,5,12
Toots & The Maytals,2003,5,20
Steely Dan,2003,6,10
Culture,2003,6,17
Death in Vegas,2003,6,17
ZZ Top,2003,9,8
The Wrens,2003,9,9
Carpenters,2004,2,10
Ray Charles,2004,8,31
Fela Kuti,2004,9,7
The Clash,2004,9,21
The Mamas & The Papas,2004,9,24
Nancy Sinatra,2004,9,28
XTC,2005,1,1
Geto Boys,2005,1,25
Eric B. & Rakim,2005,4,26
The Go-Betweens,2005,5,3
Carly Simon,2005,7,19
Ramones,2005,8,16
Soft Cell,2005,8,30
Run-D.M.C.,2005,9,6
Глюкоза,2005,10,10
The Pharcyde,2005,11,8
System of a Down,2005,11,22
Salif Keita,2006,1,1
Wumpscut,2006,4,7
INXS,2006,4,26
Etta James,2006,5,14
Dixie Chicks,2006,5,23
Jurassic 5,2006,7,11
New York Dolls,2006,7,25
OutKast,2006,8,26
The Rapture,2006,9,12
The Byrds,2006,9,26
Diana Ross,2006,10,1
Hall & Oates,2006,10,3
Ice-T,2006,10,31
Pulp,2006,11,11
Sublime,2006,11,14
Fort Minor,2006,11,22
Ultramagnetic MC’s,2007,1,9
The Notorious B.I.G.,2007,3,6
The Stooges,2007,3,6
Warren Zevon,2007,5,1
Meat Loaf,2007,5,7
Rick James,2007,5,15
Bad Brains,2007,5,26
The Police,2007,6,5
Happy Mondays,2007,7,30
Junior Senior,2007,8,21
Manu Chao,2007,8,30
Joni Mitchell,2007,9,25
Robert Wyatt,2007,10,6
Patti LaBelle,2007,10,9
The Isley Brothers,2007,10,9
Crime In Stereo,2007,10,23
Super Furry Animals,2007,10,29
Eagles,2007,10,30
Инфинити,2007,12,31
EPMD,2008,1,1
Nina Simone,2008,1,1
Steve Winwood,2008,2,19
Toto Cutugno,2008,2,29
Bauhaus,2008,3,3
Gnarls Barkley,2008,3,18
No Use for a Name,2008,4,1
The Cardigans,2008,5,1
Prince Ea,2008,5,31
Bad Boys Blue,2008,6,13
N.W.A,2008,7,25
George Jones,2008,8,19
The Verve,2008,8,25
Sparklehorse,2008,9,30
The Smiths,2008,11,10
Tracy Chapman,2008,11,11
Portishead,2008,11,24
Deathstars,2008,12,12
Coolio,2009,1,1
Kraftwerk,2009,1,1
Bee Gees,2009,1,13
Graham Parker,2009,3,1
Doves,2009,4,6
Buffalo Springfield,2009,6,2
Ben Moody,2009,6,9
Bob Marley,2009,6,23
Barrett Strong,2009,8,31
The Black Crowes,2009,8,31
Os Mutantes,2009,9,8
Rockabye Baby!,2009,9,8
The Slits,2009,10,6
Sonic Youth,2009,10,13
The Magic Numbers,2009,10,16
Kings of Convenience,2009,10,20
Dolores O’Riordan,2009,10,26
Jimmy Buffett,2009,12,8
Cornershop,2010,5,3
Madvillain,2010,5,26
Herbie Hancock,2010,6,22
Ol’ Dirty Bastard,2010,6,22
Агата Кристи,2010,7,9
Proof,2010,8,1
Phil Collins,2010,9,13
David Sylvian,2010,9,27
Badly Drawn Boy,2010,10,4
The Handsome Family,2011,1,1
Social Distortion,2011,1,18
K.D. Lang,2011,2,9
Digital Underground,2011,3,1
Ляпис Трубецкой,2011,3,9
The Kinks,2011,3,28
Revolver,2011,5,6
The Cars,2011,5,10
Journey,2011,5,24
Jane’s Addiction,2011,7,29
Fountains of Wayne,2011,8,2
Ween,2011,8,11
The Last Poets,2011,8,15
Vanilla Ice,2011,8,30
Lyle Lovett,2011,9,6
Staind,2011,9,13
dEUS,2011,9,17
Matthew Sweet,2011,9,27
Merle Haggard,2011,10,2
Chris Isaak,2011,10,18
Close Your Eyes,2011,10,24
Jethro Tull,2011,10,24
Tom Waits,2011,10,25
Lou Reed,2011,10,31
Neutral Milk Hotel,2011,12,12
Naughty By Nature,2011,12,13
Attack Attack!,2012,1,17
LMFAO,2012,1,17
Flogging Molly,2012,1,24
Air,2012,2,3
Van Halen,2012,2,7
Tim McMorris,2012,2,15
Captain Beefheart & His Magic Band,2012,2,22
Ja Rule,2012,2,28
Lionel Richie,2012,3,5
The Stranglers,2012,3,15
The Mars Volta,2012,3,26
Dr. John,2012,4,3
Гражданская оборона,2012,5,9
Pantera,2012,5,15
Gym Class Heroes,2012,5,31
Rush,2012,6,8
Can,2012,6,18
Jimmy Cliff,2012,7,16
Sugar,2012,7,24
Anita Baker,2012,8,3
Matchbox Twenty,2012,9,4
No Doubt,2012,9,21
Waylon Jennings,2012,9,25
Godspeed You! Black Emperor,2012,10,1
John Cale,2012,10,1
Donald Fagen,2012,10,16
Aerosmith,2012,11,6
Rupert Holmes,2013,1,29
My Bloody Valentine,2013,2,2
Billy Bragg,2013,3,18
Yasiin Bey,2013,3,31
The Postal Service,2013,4,9
Snoop Lion,2013,4,26
The Doors,2013,5,3
John Fogerty,2013,5,27
The Orb,2013,6,3
Boards of Canada,2013,6,5
Sigur Rós,2013,6,12
Devo,2013,6,15
Дима Билан,2013,6,27
Chamillionaire,2013,7,23
Emmylou Harris,2013,8,19
The Beach Boys,2013,8,27
Babyshambles,2013,9,3
Volcano Choir,2013,9,9
Bobby Darin,2013,9,10
Nelly,2013,9,30
Prefab Sprout,2013,10,7
Xzibit,2013,10,11
ABBA,2013,10,14
The Dismemberment Plan,2013,10,15
Black Flag,2013,11,5
Antony and the Johnsons,2013,11,15
Bob Marley & The Wailers,2013,11,25
The Rascals,2013,11,25
Yes,2013,12,1
Аквариум,2013,12,3
Bright Eyes,2014,1,1
Project Pitchfork,2014,1,1
Ray Price,2014,1,1
Slint,2014,1,1
The Offspring,2014,1,1
Traphik,2014,1,1
fun.,2014,1,4
Johnny Cash,2014,1,14
Fiona Apple,2014,2,4
George Michael,2014,2,4
Killing Joke,2014,2,14
The Notwist,2014,2,24
The Wanted,2014,3,23
Herbal T,2014,4,1
Sunny Day Real Estate,2014,4,19
Camper Van Beethoven,2014,5,30
SunSay,2014,6,5
Travis Barker,2014,6,10
MellowHype,2014,7,4
John Hiatt,2014,7,14
Basement Jaxx,2014,7,21
Anberlin,2014,7,22
Нюша,2014,7,23
Limp Bizkit,2014,8,1
Daft Punk,2014,8,9
2Pac,2014,8,10
Egypt Central,2014,8,19
The Madden Brothers,2014,9,16
Vashti Bunyan,2014,10,6
Jackson Browne,2014,10,7
Aretha Franklin,2014,10,17
"Earth, Wind & Fire",2014,10,21
LL Cool J,2014,10,22
...And You Will Know Us by the Trail of Dead,2014,10,27
Юлия Савичева,2014,11,4
Buzzcocks,2014,11,5
Grace Jones,2014,11,17
Nick Drake,2014,11,17
Stromae,2014,11,17
B.B. King,2014,11,18
Billy Joel,2014,11,18
Fugazi,2014,11,18
Kiss,2014,11,18
TV on the Radio,2014,11,18
The Cure,2014,11,18
AC/DC,2014,12,2
Morandi,2014,12,10
Built to Spill,2015,1,1
The Waterboys,2015,1,19
Ёлка,2015,2,17
Treez Lowkey,2015,2,21
The Pop Group,2015,2,23
Purity Ring,2015,2,27
Ace of Base,2015,3,6
Modest Mouse,2015,3,17
Boz Scaggs,2015,3,31
The Sonics,2015,3,31
Brian Wilson,2015,4,7
will.i.am,2015,4,9
Apocalyptica,2015,4,17
Serge Gainsbourg,2015,4,20
Prefuse 73,2015,4,28
ВИА Гра,2015,4,29
Glee Cast,2015,5,6
The Fall,2015,5,11
Faith No More,2015,5,19
Billy Currington,2015,6,2
Tom Petty,2015,6,3
Leftfield,2015,6,8
James Taylor,2015,6,15
The Doobie Brothers,2015,6,23
Вера Брежнева,2015,6,23
Tina Turner,2015,6,30
Veruca Salt,2015,7,10
Bad Meets Evil,2015,7,24
MS MR,2015,7,24
Nate Dogg,2015,8,6
Warren G,2015,8,6
Dr. Dre,2015,8,7
The Dead Weather,2015,8,17
Iron Maiden,2015,9,4
Public Image Ltd.,2015,9,4
Blur,2015,9,8
Duran Duran,2015,9,11
Slayer,2015,9,11
The Libertines,2015,9,11
Mindless Self Indulgence,2015,9,18
Bikini Kill,2015,9,22
Don Henley,2015,9,25
Peaches,2015,9,25
Capital Kings,2015,10,2
Валерий Меладзе,2015,10,5
Tom Jones,2015,10,9
Annie,2015,10,16
Laurie Anderson,2015,10,23
Alanis Morissette,2015,10,30
Amy Winehouse,2015,10,30
D12,2015,10,31
Veorra,2015,11,6
Alan Jackson,2015,11,9
One Direction,2015,11,17
Adele,2015,11,20
Enya,2015,11,20
Frank Sinatra,2015,11,20
The Velvet Underground,2015,11,20
Dre Murray,2015,11,27
Erykah Badu,2015,11,27
Nachtmahr,2016,1,1
Hank Williams Jr.,2016,1,15
Black Sabbath,2016,1,20
Imany,2016,1,20
Hole,2016,1,22
Bloc Party,2016,1,29
Timbaland,2016,2,3
Junior Boys,2016,2,4
The Cult,2016,2,8
OK Go,2016,2,10
Arrested Development,2016,2,11
Dion,2016,2,12
The Starting Line,2016,2,19
Bonnie Raitt,2016,2,26
Винтаж,2016,2,26
Mike Oldfield,2016,3,3
Dream Junkies,2016,3,4
Ludacris,2016,3,8
3 Doors Down,2016,3,11
Jeff Buckley,2016,3,11
New Order,2016,3,18
Primal Scream,2016,3,18
M83,2016,4,8
Sir Michael Rocks,2016,4,8
Centr,2016,4,12
Serebro,2016,4,18
Brian Eno,2016,4,21
Rufus Wainwright,2016,4,22
Xvtt,2016,4,22
Jack Garratt,2016,4,25
Travis,2016,4,29
Janet Jackson,2016,5,4
La Sera,2016,5,4
3OH!3,2016,5,13
Eric Clapton,2016,5,20
Lucinda Williams,2016,5,20
ABC,2016,5,27
Beth Orton,2016,5,27
The Monkees,2016,5,27
Roxette,2016,6,3
The Strokes,2016,6,3
Градусы,2016,6,3
KALEO,2016,6,10
Red Hot Chili Peppers,2016,6,17
Hot Hot Heat,2016,6,24
In Extremo,2016,6,24
Maksim,2016,6,24
Thousand Foot Krutch,2016,6,24
Deftones,2016,6,27
The Avalanches,2016,7,1
Bill Withers,2016,7,8
Jeff Beck,2016,7,15
The Stone Roses,2016,7,22
Massive Attack,2016,7,29
Ólafur Arnalds,2016,8,12
Crystal Castles,2016,8,19
De La Soul,2016,8,26
Glass Animals,2016,8,26
Calibre 50,2016,9,9
Karmin,2016,9,9
The White Stripes,2016,9,9
"Chunk! No, Captain Chunk!",2016,9,14
Young Guns,2016,9,16
My Chemical Romance,2016,9,23
Полина Гагарина,2016,9,26
Temple of the Dog,2016,9,30
Yellowcard,2016,9,30
Placebo,2016,10,7
Ambassador,2016,10,10
Kings of Leon,2016,10,14
Oasis,2016,10,14
Suzanne Vega,2016,10,14
Валентин Стрыкало,2016,10,14
Pretenders,2016,10,21
R. Kelly,2016,10,21
The Pretty Reckless,2016,10,21
Tim Buckley,2016,10,21
Madness,2016,10,28
Mission of Burma,2016,11,1
The Fray,2016,11,4
Birdy,2016,11,11
Pink Floyd,2016,11,11
Tony Bennett,2016,11,11
NEL,2016,11,14
Britney Spears,2016,11,15
Ace Hashimoto,2016,11,17
Enigma,2016,11,18
Metallica,2016,11,18
OJ da Juiceman,2016,11,23
Ashanti,2016,11,24
Cliff Richard,2016,11,25
Jill Scott,2016,12,2
The Rolling Stones,2016,12,2
Usher,2016,12,2
Луперкаль,2016,12,3
Ab-Soul,2016,12,9
The Microphones,2016,12,9
Trip Lee,2016,12,9
Pete Doherty,2016,12,12
Земфира,2016,12,23
Dropkick Murphys,2016,12,30
Ноггано,2016,12,31
Bonobo,2017,1,13
Jake Clemons,2017,1,13
La Vtornik,2017,1,13
Sepultura,2017,1,13
The xx,2017,1,13
Julie Byrne,2017,1,27
Xandria,2017,1,27
Courage My Love,2017,2,3
The Avener,2017,2,9
Teenage Fanclub,2017,2,10
5’Nizza,2017,2,15
Suicide Silence,2017,2,24
The Feelies,2017,2,24
The Tossers,2017,2,24
Океан Ельзи,2017,2,27
FKJ,2017,3,3
Fatboy Slim,2017,3,3
Elliott Smith,2017,3,10
The Magnetic Fields,2017,3,10
Dash Berlin,2017,3,24
Loboda,2017,3,27
Deorro,2017,3,31
MercyMe,2017,3,31
Wire,2017,3,31
Kelis,2017,4,4
Grandaddy,2017,4,5
Alicia Keys,2017,4,7
Alphaville,2017,4,7
Deep Purple,2017,4,7
Ярмак,2017,4,7
Asaad,2017,4,12
Banda Sinaloense MS de Sergio Lizárraga,2017,4,14
The Jesus and Mary Chain,2017,4,14
Maxïmo Park,2017,4,21
Parov Stelar,2017,4,21
T. Rex,2017,4,22
The The,2017,4,22
DOPECLVBWORLD,2017,4,28
Feist,2017,4,28
Kasabian,2017,4,28
Blondie,2017,5,5
The Afghan Whigs,2017,5,5
Beleaf,2017,5,8
Hippie Sabotage,2017,5,10
Баста,2017,5,13
Каста,2017,5,15
Alison Krauss,2017,5,17
Foreigner,2017,5,19
Ferry Corsten,2017,5,26
H​an​son,2017,5,26
Shakira,2017,5,26
Kadebostany,2017,6,2
Saint Etienne,2017,6,2
Scissor Sisters,2017,6,9
Nickelback,2017,6,16
Paramore,2017,6,19
Pharrell Williams,2017,6,23
Public Enemy,2017,6,29
JAY-Z,2017,7,7
K Koke,2017,7,7
Chuck Berry,2017,7,9
Aphex Twin,2017,7,20
In This Moment,2017,7,21
Shai Linne,2017,7,21
Diddy,2017,7,22
Alice Cooper,2017,7,28
Grateful Dead,2017,8,1
Grouplove,2017,8,17
Eisbrecher,2017,8,18
A$AP Mob,2017,8,25
Andrew Belle,2017,8,25
The War on Drugs,2017,8,25
Joan Osborne,2017,9,1
Motörhead,2017,9,1
Starsailor,2017,9,1
Michael Jackson,2017,9,6
Erin McCarley,2017,9,7
Alvvays,2017,9,8
Four Year Strong,2017,9,8
Living Colour,2017,9,8
Phaeleh,2017,9,8
Каспийский Груз,2017,9,12
Anastacia,2017,9,15
Cat Stevens,2017,9,15
Billy Talent,2017,9,22
Depeche Mode,2017,9,22
Fergie,2017,9,22
Macklemore,2017,9,22
Tricky,2017,9,22
Yeah Yeah Yeahs,2017,9,26
Hurts,2017,9,29
Shania Twain,2017,9,29
The Roots,2017,9,29
БИ-2,2017,9,29
AK-47,2017,10,5
The White Buffalo,2017,10,6
Wolf Parade,2017,10,6
a-ha,2017,10,6
Raekwon,2017,10,13
A Tribe Called Quest,2017,10,14
CunninLynguists,2017,10,16
Squeeze,2017,10,17
Ki:Theory,2017,10,18
Beautiful Eulogy,2017,10,20
Cheap Trick,2017,10,20
Darius Rucker,2017,10,20
Foo Fighters,2017,10,20
Trailerpark,2017,10,20
Сява,2017,10,21
Ка-тет,2017,10,24
Ashes Remain,2017,10,27
Will Joseph Cook,2017,10,27
Lee Brice,2017,11,3
Empire of the Sun,2017,11,10
Tears for Fears,2017,11,10
Утро,2017,11,10
Spice Girls,2017,11,12
50 Cent,2017,11,16
ATL,2017,11,16
Bob Seger,2017,11,17
Whitney Houston,2017,11,17
Xavier Omär,2017,11,17
Анна Седокова,2017,11,20
At The Drive-In,2017,11,24
Feder,2017,11,24
Scorpions,2017,11,24
SidxRam,2017,11,24
DMX,2017,11,29
Jack Johnson,2017,11,29
Evanescence,2017,11,30
Swanky Tunes,2017,12,1
The Replacements,2017,12,6
Карандаш,2017,12,7
Marmozets,2017,12,10
Tay-K,2017,12,14
N.E.R.D,2017,12,15
The Rasmus,2017,12,15
Epica,2017,12,20
HUNCHO JACK,2017,12,22
Capital STEEZ,2017,12,23
Don McLean,2018,1,1
Bruno Mars,2018,1,4
Black Rebel Motorcycle Club,2018,1,12
BØRNS,2018,1,12
Leaves’ Eyes,2018,1,12
Tonight Alive,2018,1,12
Juicy J,2018,1,15
Lloyd Banks,2018,1,15
Moosh & Twist,2018,1,19
The Go! Team,2018,1,19
The Shins,2018,1,19
Destiny’s Child,2018,1,20
Linkin Park,2018,1,21
Calexico,2018,1,26
The Jam,2018,1,30
Aimee Mann,2018,2,2
IAMX,2018,2,2
Justin Timberlake,2018,2,2
Simple Minds,2018,2,2
Sandra,2018,2,5
Franz Ferdinand,2018,2,9
Lisa Loeb,2018,2,9
Wolf Alice,2018,2,15
Onyx,2018,2,16
Борис Гребенщиков,2018,2,16
Мумий Тролль,2018,2,18
Nipsey Hussle,2018,2,21
TLC,2018,2,21
Bon Jovi,2018,2,23
GusGus,2018,2,23
Megaherz,2018,2,23
Vance Joy,2018,2,23
Clap Your Hands Say Yeah,2018,2,24
Lorde,2018,3,1
Joan Baez,2018,3,2
Moby,2018,3,2
Sorority Noise,2018,3,2
The Breeders,2018,3,2
Lawren,2018,3,5
Russell Dickerson,2018,3,5
Enrique Iglesias,2018,3,9
Jeremih,2018,3,9
Jimi Hendrix,2018,3,9
Joey Bada$$,2018,3,9
Judas Priest,2018,3,9
Manitoba,2018,3,9
Ministry,2018,3,9
The Streets,2018,3,9
Three Days Grace,2018,3,9
Sango,2018,3,16
Yo La Tengo,2018,3,16
Axel Rudi Pell,2018,3,23
Манижа,2018,3,23
London Grammar,2018,3,30
Кровосток,2018,3,30
Триагрутрика,2018,3,30
Snakehips,2018,4,5
Dr. Octagon,2018,4,6
Eels,2018,4,6
Elvis Costello,2018,4,6
En Vogue,2018,4,6
Flatbush Zombies,2018,4,6
Queens of the Stone Age,2018,4,6
The Killers,2018,4,6
Thirty Seconds to Mars,2018,4,6
Todd Rundgren,2018,4,7
Los Lobos,2018,4,10
Fakear,2018,4,13
John Prine,2018,4,13
Kid Cudi,2018,4,13
Revolverheld,2018,4,13
The Damned,2018,4,13
Manic Street Preachers,2018,4,18
Gang of Four,2018,4,20
Petula Clark,2018,4,20
Timothy Brindle,2018,4,20
Валерия,2018,4,20
Led Zeppelin,2018,4,21
Rag’n’Bone Man,2018,4,21
Louna,2018,4,24
War,2018,4,24
Prāta vētra,2018,4,25
Morgan Wallen,2018,4,27
Lauryn Hill,2018,5,1
Parkway Drive,2018,5,4
Rae Sremmurd,2018,5,4
Shinedown,2018,5,4
Slim Jxmmi,2018,5,4
Timecop1983,2018,5,4
Scotty McCreery,2018,5,7
Jackie Hill-Perry,2018,5,11
Royce da 5'9'’,2018,5,11
Ry Cooder,2018,5,11
МакSим,2018,5,15
Ash,2018,5,18
Braille,2018,5,18
Five Finger Death Punch,2018,5,18
Lord Huron,2018,5,18
Train,2018,5,24
Caetano Veloso,2018,5,25
J Balvin,2018,5,25
U2,2018,5,25
Сплин,2018,5,25
Damien Rice,2018,6,1
Gram Parsons,2018,6,1
Mazzy Star,2018,6,1
Morcheeba,2018,6,1
Neko Case,2018,6,1
Owl City,2018,6,1
Dave Matthews Band,2018,6,8
Dierks Bentley,2018,6,8
Foreknown,2018,6,8
ДДТ,2018,6,8
Best Coast,2018,6,12
Buddy Guy,2018,6,15
Gene Clark,2018,6,15
Marilyn Manson,2018,6,15
Rebelution,2018,6,15
The Beat,2018,6,15
Brett Eldredge,2018,6,18
Mobb Deep,2018,6,18
Demi Lovato,2018,6,20
Mogwai,2018,6,21
AKTHESAVIOR,2018,6,22
Colouring,2018,6,22
Nine Inch Nails,2018,6,22
Seether,2018,6,25
All Time Low,2018,6,27
Nico,2018,6,27
Guns N’ Roses,2018,6,29
YONAS,2018,6,29
ШЕFF,2018,6,29
ХХОС,2018,7,4
Dyme-A-Duzin,2018,7,6
Tom Grennan,2018,7,6
Rob Zombie,2018,7,11
Cowboy Junkies,2018,7,13
Godsmack,2018,7,16
The Jayhawks,2018,7,16
Rihanna,2018,7,17
DRAM,2018,7,18
Meg Myers,2018,7,20
Powerwolf,2018,7,20
Propaganda,2018,7,20
Yanix,2018,7,24
Fat Joe,2018,7,25
T-Fest,2018,7,26
Halestorm,2018,7,27
Kenny Chesney,2018,7,27
Rise Against,2018,7,27
Aquilo,2018,8,2
Sinéad O’Connor,2018,8,3
Nelly Furtado,2018,8,9
Capital Cities,2018,8,10
Gorgon City,2018,8,10
Jason Mraz,2018,8,10
XXXORIGINALSINXXX,2018,8,10
Father John Misty,2018,8,15
Animal Collective,2018,8,17
Annisokay,2018,8,17
Stefflon Don,2018,8,17
The Coral,2018,8,20
Alice in Chains,2018,8,24
Rea Garvey,2018,8,24
The Jackson 5,2018,8,28
Liars,2018,8,29
Бьянка,2018,8,30
Alkaline Trio,2018,8,31
Stone Sour,2018,8,31
The Kooks,2018,8,31
Troye Sivan,2018,8,31
Fifth Harmony,2018,9,6
$UICIDEBOY$,2018,9,7
Jonathan McReynolds,2018,9,7
Korpiklaani,2018,9,7
Lady Leshurr,2018,9,7
Lenny Kravitz,2018,9,7
Paul Simon,2018,9,7
Spiritualized,2018,9,7
Tesla Boy,2018,9,7
ZHU,2018,9,7
Billy Idol,2018,9,9
Neck Deep,2018,9,10
Ben Howard,2018,9,13
Portugal. The Man,2018,9,13
Carrie Underwood,2018,9,14
David Guetta,2018,9,14
Dizzee Rascal,2018,9,14
Good Charlotte,2018,9,14
Low,2018,9,14
Paul Weller,2018,9,14
Наадя,2018,9,14
Avenged Sevenfold,2018,9,17
THE HARDKISS,2018,9,19
John Givez,2018,9,21
Kid Rock,2018,9,21
Lupe Fiasco,2018,9,21
Motorama,2018,9,21
Suede,2018,9,21
The Story So Far,2018,9,21
Flo Rida,2018,9,25
Loretta Lynn,2018,9,26
Cypress Hill,2018,9,28
IC3PEAK,2018,9,28
Mylène Farmer,2018,9,28
The Joy Formidable,2018,9,28
SZA,2018,9,29
Мальбэк,2018,10,2
Tim McGraw,2018,10,4
Пика,2018,10,4
AlunaGeorge,2018,10,5
Azizi Gibson,2018,10,5
Cat Power,2018,10,5
Echo & the Bunnymen,2018,10,5
Electric Six,2018,10,5
Eric Church,2018,10,5
LANY,2018,10,5
T.I.,2018,10,5
for KING & COUNTRY,2018,10,5
JEEMBO,2018,10,8
Мот,2018,10,8
Dan + Shay,2018,10,10
Emika,2018,10,10
Anacondaz,2018,10,11
Pharaoh,2018,10,11
Run The Jewels,2018,10,11
Def Leppard,2018,10,12
Jamala,2018,10,12
Sampha,2018,10,12
The Beta Band,2018,10,12
Zola Jesus,2018,10,12
Big Russian Boss,2018,10,16
MARKUL,2018,10,16
Yoko Ono,2018,10,16
Amerie,2018,10,19
Disturbed,2018,10,19
Future & Juice WRLD,2018,10,19
Neneh Cherry,2018,10,19
Phony Ppl,2018,10,19
Queen,2018,10,19
Saliva,2018,10,19
The Residents,2018,10,19
Adelitas Way,2018,10,26
Amaranthe,2018,10,26
CAKE,2018,10,26
Culture Club,2018,10,26
David Crosby,2018,10,26
Sirenia,2018,10,26
Sia,2018,10,30
Action Bronson,2018,11,1
Barbra Streisand,2018,11,2
Bob Dylan,2018,11,2
Marianne Faithfull,2018,11,2
Metro Boomin,2018,11,2
Panic! at the Disco,2018,11,2
Slick Rick,2018,11,2
Takeoff,2018,11,2
The Prodigy,2018,11,2
Овсянкин,2018,11,5
The Wombats,2018,11,6
Smino,2018,11,8
Architects,2018,11,9
Busta Rhymes,2018,11,9
Crowder,2018,11,9
Gary Numan,2018,11,9
Sade,2018,11,9
Элджей,2018,11,9
Benjah,2018,11,10
Dumbfoundead,2018,11,11
Casting Crowns,2018,11,16
City Girls,2018,11,16
Ella Mai,2018,11,16
Glen Campbell,2018,11,16
Kirk Knight,2018,11,16
Mark Forster,2018,11,16
Saba,2018,11,16
The Smashing Pumpkins,2018,11,16
Souloud,2018,11,19
Децл,2018,11,20
Pro Era,2018,11,22
116,2018,11,23
Art Brut,2018,11,23
Eros Ramazzotti,2018,11,23
Garbage,2018,11,23
Gorillaz,2018,11,23
Пошлая Молли,2018,11,23
Disclosure,2018,11,27
Da’ T.R.U.T.H.,2018,11,28
Mac Miller,2018,11,28
Trey Songz,2018,11,28
Grimes,2018,11,29
Nicki Minaj,2018,11,29
T3R Elemento,2018,11,29
Arctic Monkeys,2018,11,30
Clean Bandit,2018,11,30
Dolly Parton,2018,11,30
Kate Bush,2018,11,30
Lil Baby,2018,11,30
Neil Young,2018,11,30
Слот,2018,11,30
Koven,2018,12,4
Meek Mill,2018,12,4
Anne-Marie,2018,12,7
AnnenMayKantereit,2018,12,7
Canon,2018,12,7
Ice Cube,2018,12,7
John Mellencamp,2018,12,7
LP,2018,12,7
Paul McCartney & Wings,2018,12,7
Rascal Flatts,2018,12,7
Shordie Shordie,2018,12,8
They Might Be Giants,2018,12,10
Alan Walker,2018,12,14
Aminé,2018,12,14
Eli Young Band,2018,12,14
Kid Ink,2018,12,14
M.I.A.,2018,12,14
Method Man,2018,12,14
Mitchell Tenpenny,2018,12,14
Møme,2018,12,14
Scott Walker,2018,12,14
The Decemberists,2018,12,14
Thutmose,2018,12,14
ZAYN,2018,12,14
6LACK,2018,12,21
Cyndi Lauper,2018,12,21
Stevie Wonder,2018,12,21
Bad Bunny,2018,12,24
Feduk,2018,12,30
Иван Дорн,2018,12,30
​монеточка,2018,12,30
Lady Gaga,2019,1,1
Lecrae,2019,1,1
MORGENSHTERN,2019,1,1
D’Angelo,2019,1,4
Kendrick Lamar,2019,1,4
Zebrahead,2019,1,8
Joan Jett & The Blackhearts,2019,1,9
Muse,2019,1,9
Alligatoah,2019,1,10
Starcadian,2019,1,10
Porchy,2019,1,11
Sunrise Avenue,2019,1,11
Watsky,2019,1,11
King Crimson,2019,1,13
Enique,2019,1,16
Cody Johnson,2019,1,18
Joe Jackson,2019,1,18
Oomph!,2019,1,18
Papa Roach,2019,1,18
Switchfoot,2019,1,18
Drive-By Truckers,2019,1,22
J. Cole,2019,1,23
Ryan Adams,2019,1,23
Daddy Yankee,2019,1,24
Backstreet Boys,2019,1,25
Fractures,2019,1,25
The Dandy Warhols,2019,1,25
Тима Белорусских,2019,1,30
Broods,2019,2,1
Luis Fonsi,2019,2,1
The Specials,2019,2,1
Within Temptation,2019,2,1
Redman,2019,2,4
Пасош,2019,2,4
Елена Темникова,2019,2,5
Buddy,2019,2,8
Cheat Codes,2019,2,8
LCD Soundsystem,2019,2,8
Mercury Rev,2019,2,8
Patti Smith,2019,2,8
The Lemonheads,2019,2,8
mishlawi,2019,2,8
Макс Барских,2019,2,8
AZ,2019,2,11
Kacey Musgraves,2019,2,11
Elvis Presley,2019,2,14
Avril Lavigne,2019,2,15
Chaka Khan,2019,2,15
John Legend,2019,2,15
ODESZA,2019,2,15
Lauren Daigle,2019,2,20
Petit Biscuit,2019,2,21
B-Tight,2019,2,22
Eminem,2019,2,22
Gramatik,2019,2,22
Gunna,2019,2,22
Jay Rock,2019,2,22
Kehlani,2019,2,22
Night Lovell,2019,2,22
RUSSELL!,2019,2,22
Desiigner,2019,2,25
Röyksopp,2019,2,27
Нервы,2019,2,27
L7,2019,2,28
Tindersticks,2019,2,28
2 Chainz,2019,3,1
Chase Rice,2019,3,1
Hozier,2019,3,1
Queensrÿche,2019,3,1
Solange,2019,3,1
The Retuses,2019,3,1
Tom Petty and the Heartbreakers,2019,3,1
Yung Lean,2019,3,6
Underworld,2019,3,7
Dustin Lynch,2019,3,8
Far East Movement,2019,3,8
Fiddler’s Green,2019,3,8
Meat Puppets,2019,3,8
Townes Van Zandt,2019,3,8
Arcade Fire,2019,3,11
Brad Paisley,2019,3,15
Eluveitie,2019,3,15
Swoope,2019,3,15
Wildways,2019,3,15
Dru Bex,2019,3,22
Iron & Wine,2019,3,22
Jenny Lewis,2019,3,22
Jose Guapo,2019,3,22
Kakkmaddafakka,2019,3,22
Lambchop,2019,3,22
Michael Bublé,2019,3,22
Mötley Crüe,2019,3,22
Gwen Stefani,2019,3,23
Soulja Boy Tell ’Em,2019,3,24
HONNE,2019,3,27
Artik & Asti,2019,3,29
Billie Eilish,2019,3,29
George Strait,2019,3,29
I Prevail,2019,3,29
Jake Owen,2019,3,29
Manowar,2019,3,29
Marvin Gaye,2019,3,29
Snowgoons,2019,3,29
UNKLE,2019,3,29
aikko,2019,3,29
Cameo,2019,4,1
N1NT3ND0,2019,4,1
Rita Ora,2019,4,3
Aventura,2019,4,5
Brooks & Dunn,2019,4,5
Calvin Harris,2019,4,5
Kings Kaleidoscope,2019,4,5
Noname,2019,4,5
Reba McEntire,2019,4,5
Romeo Santos,2019,4,5
Sevdaliza,2019,4,11
Steve Earle,2019,4,11
Anderson .Paak,2019,4,12
Broken Social Scene,2019,4,12
Dua Lipa,2019,4,12
MISSIO,2019,4,12
Norah Jones,2019,4,12
PJ Harvey,2019,4,12
The Chemical Brothers,2019,4,12
Walking On Cars,2019,4,12
Макс Корж,2019,4,12
Childish Gambino,2019,4,13
The Flaming Lips,2019,4,13
Pressa,2019,4,16
Waka Flocka Flame,2019,4,16
Jon Bellion,2019,4,17
Lil Dicky,2019,4,18
Alex Hepburn,2019,4,19
Cage The Elephant,2019,4,19
Era Istrefi,2019,4,19
LIZER,2019,4,19
Sech,2019,4,19
Zombiez,2019,4,19
Alec Benjamin,2019,4,20
Wiz Khalifa,2019,4,20
25/17,2019,4,25
AJR,2019,4,26
Ellie Goulding,2019,4,26
Foxygen,2019,4,26
Hillsong UNITED,2019,4,26
J.J. Cale,2019,4,26
James Blake,2019,4,26
Kelly Clarkson,2019,4,26
Mumford & Sons,2019,4,26
Nick Jonas,2019,4,26
P!nk,2019,4,26
Radical Face,2019,4,26
ScHoolboy Q,2019,4,26
The Cranberries,2019,4,26
Эрика Лундмоен,2019,4,26
NAV,2019,4,27
Die Antwoord,2019,4,30
Slade,2019,5,1
Rich The Kid,2019,5,2
Bad Religion,2019,5,3
Christina Perri,2019,5,3
Izzy Bizu,2019,5,3
Joy Williams,2019,5,3
Kylie Minogue,2019,5,3
New Found Glory,2019,5,3
Shawn Mendes,2019,5,3
The Dream Syndicate,2019,5,3
Toby Keith,2019,5,3
Woodkid,2019,5,7
The Weeknd,2019,5,9
Christian Nodal,2019,5,10
Ciara,2019,5,10
Plies,2019,5,10
Quando Rondo,2019,5,10
Beastie Boys,2019,5,17
DJ Khaled,2019,5,17
Interpol,2019,5,17
Maluma,2019,5,17
Quavo,2019,5,17
The Head and the Heart,2019,5,17
The Hives,2019,5,17
The National,2019,5,17
Wu-Tang Clan,2019,5,17
Will Smith,2019,5,22
Alphavite,2019,5,23
Тимати,2019,5,23
Anuel AA,2019,5,24
Moneybagg Yo,2019,5,24
Morrissey,2019,5,24
PRETTYMUCH,2019,5,24
Sebadoh,2019,5,24
Slim,2019,5,24
Sting,2019,5,24
The Chainsmokers,2019,5,24
Walkie,2019,5,24
Pearl Jam,2019,5,26
Beast Coast,2019,5,27
Boulevard Depo,2019,5,27
Lin-Manuel Miranda,2019,5,27
NoCap,2019,5,28
Rod Stewart,2019,5,29
Sufjan Stevens,2019,5,29
YG,2019,5,29
Cardi B,2019,5,31
INNA,2019,5,31
Maren Morris,2019,5,31
Rammstein,2019,5,31
Ruslan,2019,5,31
Skepta,2019,5,31
Thomas Rhett,2019,5,31
Tori Amos,2019,5,31
Yung Gravy,2019,5,31
The Black Eyed Peas,2019,6,3
Chris Stapleton,2019,6,5
Monatik,2019,6,5
Avicii,2019,6,6
Ozuna,2019,6,6
Combichrist,2019,6,7
Jonas Brothers,2019,6,7
Peter Frampton,2019,6,7
Polo G,2019,6,7
Rickie Lee Jones,2019,6,7
Santana,2019,6,7
Silversun Pickups,2019,6,7
Tee Grizzley,2019,6,7
Время и Стекло,2019,6,7
Radiohead,2019,6,11
GoldLink,2019,6,12
Rickey F,2019,6,12
Bastille,2019,6,14
Joji,2019,6,14
Kygo,2019,6,14
Lil Keed,2019,6,14
Noah Kahan,2019,6,14
X Ambassadors,2019,6,14
A Great Big World,2019,6,19
Chloe x Halle,2019,6,19
Garth Brooks,2019,6,19
Spoon,2019,6,19
Imagine Dragons,2019,6,20
Migos,2019,6,20
B.o.B,2019,6,21
Jennifer Lopez,2019,6,21
K CAMP,2019,6,21
Lil Nas X,2019,6,21
Mark Ronson,2019,6,21
Nekfeu,2019,6,21
Quinn XCII,2019,6,21
Randy Newman,2019,6,21
Trina,2019,6,21
XV,2019,6,21
YFN Lucci,2019,6,21
KEY!,2019,6,24
Bhad Bhabie,2019,6,26
Vampire Weekend,2019,6,26
Chris Lane,2019,6,28
David Bowie,2019,6,28
Julia Michaels,2019,6,28
Mustard,2019,6,28
PNL,2019,6,28
Reconcile,2019,6,28
The Black Keys,2019,6,28
Daniel Caesar,2019,6,29
BTS,2019,7,3
Da$H,2019,7,3
Marshmello,2019,7,3
Russ,2019,7,3
Dominic Fike,2019,7,4
Blue System,2019,7,5
Jaden,2019,7,5
Machete Empire Records,2019,7,5
Machine Gun Kelly,2019,7,5
Modern Talking,2019,7,5
Vera Blue,2019,7,5
Джиган,2019,7,5
Megan Thee Stallion,2019,7,9
Elton John,2019,7,11
311,2019,7,12
BANKS,2019,7,12
Big K.R.I.T.,2019,7,12
CalBoy,2019,7,12
Chris Young,2019,7,12
Ed Sheeran,2019,7,12
Jon Keith,2019,7,12
Reo Cragun,2019,7,12
Willie Nelson,2019,7,12
Гуф,2019,7,12
GONE.Fludd,2019,7,17
Above & Beyond,2019,7,19
Beyoncé,2019,7,19
Brett Young,2019,7,19
Crown The Empire,2019,7,19
Leon Bridges,2019,7,19
Maxo Kream,2019,7,19
Nas,2019,7,19
Nyck Caution,2019,7,19
Quinten Coblentz,2019,7,19
Sabaton,2019,7,19
Sabrina Carpenter,2019,7,19
Sum 41,2019,7,19
Tedashii,2019,7,19
Willow,2019,7,19
Yella Beezy,2019,7,19
Тридцать Девятый,2019,7,19
Future,2019,7,23
Yung Bans,2019,7,24
Andy Grammer,2019,7,25
Bryce Vine,2019,7,26
CUCO,2019,7,26
Chance the Rapper,2019,7,26
Dean Lewis,2019,7,26
Jeremy Zucker,2019,7,26
Justin Moore,2019,7,26
Kaiser Chiefs,2019,7,26
Key Glock,2019,7,26
My Morning Jacket,2019,7,26
NF,2019,7,26
Of Monsters and Men,2019,7,26
Phora,2019,7,26
Skizzy Mars,2019,7,26
Soundgarden,2019,7,26
Violent Femmes,2019,7,26
Young Dolph,2019,7,26
Burna Boy,2019,7,27
Flume,2019,7,31
Booba,2019,8,1
CMH,2019,8,1
YBN Cordae,2019,8,1
Keith Urban,2019,8,2
Khalid,2019,8,2
Lil Durk,2019,8,2
MARUV,2019,8,2
Oliver Tree,2019,8,2
Skillet,2019,8,2
Tyler Childers,2019,8,2
Volbeat,2019,8,2
дима бамберг,2019,8,2
PARTYNEXTDOOR,2019,8,7
Bon Iver,2019,8,8
Mary J. Blige,2019,8,8
Bazzi,2019,8,9
Bruce Springsteen,2019,8,9
Dirty Heads,2019,8,9
Rick Ross,2019,8,9
Rudimental,2019,8,9
Slipknot,2019,8,9
The Score,2019,8,9
Ty Dolla $ign,2019,8,9
Мимо Вселенной,2019,8,14
A$AP Ferg,2019,8,16
Blanca,2019,8,16
Dylan Scott,2019,8,16
Florence + The Machine,2019,8,16
Hoodie Allen,2019,8,16
ILLENIUM,2019,8,16
Miley Cyrus,2019,8,16
Ride,2019,8,16
Sleater-Kinney,2019,8,16
Snoop Dogg,2019,8,16
Swae Lee,2019,8,16
The Hold Steady,2019,8,16
Young Thug,2019,8,16
Скриптонит,2019,8,16
JID,2019,8,18
Ежемесячные,2019,8,18
Ava Max,2019,8,19
A Day To Remember,2019,8,20
alt-J,2019,8,20
5 Seconds of Summer,2019,8,21
Егор Натс,2019,8,21
First Aid Kit,2019,8,22
Andy Mineo,2019,8,23
BROCKHAMPTON,2019,8,23
Balue,2019,8,23
Jeezy,2019,8,23
KRESTALL / Courier,2019,8,23
KYLE,2019,8,23
Lil Yachty,2019,8,23
Missy Elliott,2019,8,23
Obie Trice,2019,8,23
SAINt JHN,2019,8,23
Shoreline Mafia,2019,8,23
Taylor Swift,2019,8,23
Tyga,2019,8,23
"Tyler, The Creator",2019,8,23
blackbear,2019,8,23
Сергей Лазарев,2019,8,23
Chief Keef,2019,8,24
Lil Pump,2019,8,24
Bryson Tiller,2019,8,26
Big Sean,2019,8,27
Bombay Bicycle Club,2019,8,27
A$AP Rocky,2019,8,28
Offset,2019,8,28
Pusha T,2019,8,28
Aaron Cole,2019,8,30
Common,2019,8,30
Elevation Worship,2019,8,30
G Herbo,2019,8,30
Joell Ortiz,2019,8,30
Lana Del Rey,2019,8,30
Lil Tecca,2019,8,30
Mabel,2019,8,30
Sheryl Crow,2019,8,30
Shy Glizzy,2019,8,30
Tarja,2019,8,30
The Futureheads,2019,8,30
Tool,2019,8,30
KJ-52,2019,9,2
Oxxxymiron,2019,9,4
John Mayer,2019,9,5
Kidz Bop Kids,2019,9,5
Snow Patrol,2019,9,5
Alessia Cara,2019,9,6
Björk,2019,9,6
Death Cab for Cutie,2019,9,6
Foster the People,2019,9,6
Iggy Pop,2019,9,6
KB,2019,9,6
MUNA,2019,9,6
Mando Diao,2019,9,6
Melanie Martinez,2019,9,6
Mnogoznaal,2019,9,6
Peter Gabriel,2019,9,6
Post Malone,2019,9,6
Sleeping With Sirens,2019,9,6
Steve Aoki,2019,9,6
XXXTENTACION,2019,9,6
Леван Горозия,2019,9,6
Little Big Town,2019,9,8
Lil Skies,2019,9,9
Loc-Dog,2019,9,9
Masego,2019,9,9
ST1M,2019,9,9
Supergrass,2019,9,9
Егор Крид,2019,9,9
Bonnie “Prince” Billy,2019,9,10
Fall Out Boy,2019,9,10
Noize MC,2019,9,10
Weezer,2019,9,10
Гречка,2019,9,10
Ленинград,2019,9,10
Major Lazer,2019,9,11
Mozee Montana,2019,9,11
Azealia Banks,2019,9,12
Bizzy Bone,2019,9,12
Joyner Lucas,2019,9,12
Belle and Sebastian,2019,9,13
Chelsea Wolfe,2019,9,13
Devendra Banhart,2019,9,13
Drake,2019,9,13
GUERLAIN,2019,9,13
Ghostface Killah,2019,9,13
Goo Goo Dolls,2019,9,13
Korn,2019,9,13
Lil Wayne,2019,9,13
Loqiemean,2019,9,13
MARINA,2019,9,13
NOFX,2019,9,13
Sean Paul,2019,9,13
The Lumineers,2019,9,13
grandson,2019,9,13
i61,2019,9,13
Гарри Топор,2019,9,13
Мэйти,2019,9,13
Тони Раут,2019,9,13
Little Mix,2019,9,16
Wax,2019,9,16
YNW Melly,2019,9,17
Bumble Beezy,2019,9,18
iLoveMakonnen,2019,9,19
Аффинаж,2019,9,19
Bebe Rexha,2019,9,20
Derek Minor,2019,9,20
Horus,2019,9,20
Keane,2019,9,20
Leonard Cohen,2019,9,20
Maroon 5,2019,9,20
Sagath,2019,9,20
Sinéad Harnett,2019,9,20
Tove Lo,2019,9,20
Zac Brown Band,2019,9,20
СД,2019,9,20
Lil Uzi Vert,2019,9,24
Upchurch,2019,9,24
Theory of a Deadman,2019,9,25
blink-182,2019,9,25
Adam Lambert,2019,9,26
PnB Rock,2019,9,26
Borgore,2019,9,27
CJ Fly,2019,9,27
Chelsea Cutler,2019,9,27
Christina Aguilera,2019,9,27
DaBaby,2019,9,27
Dinosaur Jr.,2019,9,27
DragonForce,2019,9,27
H.E.R.,2019,9,27
Jon Pardi,2019,9,27
KMFDM,2019,9,27
Lewis Capaldi,2019,9,27
Meghan Trainor,2019,9,27
Pitbull,2019,9,27
Sido,2019,9,27
Swizz Beatz,2019,9,27
TELLY GRAVE,2019,9,27
The Beatles,2019,9,27
The New Pornographers,2019,9,27
Veronica Maggio,2019,9,27
Жак-Энтони,2019,9,27
Comethazine,2019,9,28
Kevin Gates,2019,9,28
Mudhoney,2019,9,28
Halsey,2019,9,29
CHVRCHES,2019,10,1
FACE,2019,10,1
Charlie Puth,2019,10,2
Dido,2019,10,2
Kelsea Ballerini,2019,10,3
Lauv,2019,10,3
Playboi Carti,2019,10,3
Wiley,2019,10,3
Brantley Gilbert,2019,10,4
Chris Brown,2019,10,4
Danny Brown,2019,10,4
Fabolous,2019,10,4
Hollyn,2019,10,4
JuL,2019,10,4
May Wave$,2019,10,4
Nick Cave and the Bad Seeds,2019,10,4
Scarlxrd,2019,10,4
Summer Walker,2019,10,4
The Darkness,2019,10,4
Travis Scott,2019,10,4
Wilco,2019,10,4
ЛСП,2019,10,4
Луна,2019,10,4
OneRepublic,2019,10,6
DJ Shadow,2019,10,8
Luke Combs,2019,10,8
Хаски,2019,10,8
Father,2019,10,9
Green Day,2019,10,9
Mike Posner,2019,10,9
Justin Bieber,2019,10,10
Sam Hunt,2019,10,10
The Neighbourhood,2019,10,10
Смоки Мо,2019,10,10
Camila Cabello,2019,10,11
Elbow,2019,10,11
Hillsong Worship,2019,10,11
JayDaYoungan,2019,10,11
Julien Baker,2019,10,11
Kongos,2019,10,11
Lil Tjay,2019,10,11
Liz Phair,2019,10,11
Louise,2019,10,11
Ne-Yo,2019,10,11
Tommee Profitt,2019,10,11
Wale,2019,10,11
YK Osiris,2019,10,11
YoungBoy Never Broke Again,2019,10,11
Zavet,2019,10,11
МЫ / WE,2019,10,11
6ix9ine,2019,10,15
The Drums,2019,10,15
BLACKPINK,2019,10,16
Blake Shelton,2019,10,16
Fetty Wap,2019,10,16
Juice WRLD,2019,10,16
Katy Perry,2019,10,16
Beck,2019,10,17
Хлеб,2019,10,17
.Otrix,2019,10,18
Ali Gatie,2019,10,18
Amatory,2019,10,18
Blueface,2019,10,18
Cody Jinks,2019,10,18
Cole Swindell,2019,10,18
Florida Georgia Line,2019,10,18
Foals,2019,10,18
G-Eazy,2019,10,18
Grace VanderWaal,2019,10,18
Gucci Mane,2019,10,18
JGivens,2019,10,18
Jhené Aiko,2019,10,18
Jorja Smith,2019,10,18
Kensington,2019,10,18
Low Roar,2019,10,18
Mark Lanegan,2019,10,18
Prince,2019,10,18
ST,2019,10,18
Skylar Grey,2019,10,18
THOMAS MRAZ,2019,10,18
Yo Gotti,2019,10,18
playingtheangel,2019,10,18
twenty one pilots,2019,10,18
Замай,2019,10,18
Christon Gray,2019,10,19
MAN WITH A MISSION,2019,10,22
DK,2019,10,23
Denzel Curry,2019,10,23
Robb Bank$,2019,10,24
Selena Gomez,2019,10,24
The 1975,2019,10,24
Tinashe,2019,10,24
Akon,2019,10,25
Anti-Flag,2019,10,25
Armin van Buuren,2019,10,25
BAD WOLVES,2019,10,25
Editors,2019,10,25
Genetikk,2019,10,25
Guided by Voices,2019,10,25
Hollywood Undead,2019,10,25
Kanye West,2019,10,25
Kodak Black,2019,10,25
Lady Antebellum,2019,10,25
Lea Michele,2019,10,25
Little Big,2019,10,25
Lizzo,2019,10,25
Logic,2019,10,25
Luke Bryan,2019,10,25
Madonna,2019,10,25
Milky Chance,2019,10,25
OBLADAET,2019,10,25
Oh Wonder,2019,10,25
Old Dominion,2019,10,25
Pentatonix,2019,10,25
Pet Shop Boys,2019,10,25
Regina Spektor,2019,10,25
Rex Orange County,2019,10,25
Roddy Ricch,2019,10,25
Saint Asonia,2019,10,25
Saweetie,2019,10,25
Stunna 4 Vegas,2019,10,25
TVETH,2019,10,25
Van Morrison,2019,10,25
Why Don’t We,2019,10,25
Zella Day,2019,10,25
Грязь,2019,10,25
Слава КПСС,2019,10,25
Big Baby Tape,2019,10,28
Tame Impala,2019,10,28
Jah Khalib,2019,10,29
RAM,2019,10,29
A Boogie Wit da Hoodie,2019,10,30
Animal ДжаZ,2019,10,30
Noa,2019,10,30
Шляпники,2019,10,30
21 Savage,2019,10,31
Bizarre,2019,10,31
Sadistik,2019,10,31
Ski Mask the Slump God,2019,10,31
Tom Walker,2019,10,31
Vince Staples,2019,10,31
Ariana Grande,2019,11,1
Basic Boy,2019,11,1
Breaking Benjamin,2019,11,1
Chris Tomlin,2019,11,1
Donna Summer,2019,11,1
Electric Light Orchestra,2019,11,1
Gang Starr,2019,11,1
Hoodrich Pablo Juan,2019,11,1
Kane Brown,2019,11,1
Lil Morty,2019,11,1
Lil Xan,2019,11,1
Mariah Carey,2019,11,1
Miguel,2019,11,1
Miranda Lambert,2019,11,1
MØ,2019,11,1
NLE Choppa,2019,11,1
Nirvana,2019,11,1
Our Last Night,2019,11,1
Prinz Pi,2019,11,1
R.E.M.,2019,11,1
Rod Wave,2019,11,1
SALUKI,2019,11,1
Sam Smith,2019,11,1
The Game,2019,11,1
Trippie Redd,2019,11,1
Yelawolf,2019,11,1
Зараза,2019,11,1
Booker,2019,11,2
Coldplay,2019,11,3
Frank Ocean,2019,11,3
Bring Me the Horizon,2019,11,6
FKA twigs,2019,11,8
French Montana,2019,11,8
Iggy Azalea,2019,11,8
Jacquees,2019,11,8
Jason Derulo,2019,11,8
Lil Mosey,2019,11,8
THRILL PILL,2019,11,8
iann dior,2019,11,8
Lil Peep,2019,11,15
Maverick Sabre,2019,11,15
Tory Lanez,2019,11,19
Jason Aldean,2019,11,22
The Who,2019,11,22
Pixies,2019,11,28
Celldweller,2019,12,8
Tech N9ne,2020,1,1
Kesha,2020,1,10
Poppy,2020,1,10
Destroyer,2020,1,31
